data,timestamp
0.877593994140625,1538794468.131542
0.877593994140625,1538794468.142362
0.0,1538794468.152366
1.75518798828125,1538794468.162331
0.229156494140625,1538794468.172347
0.286468505859375,1538794468.182347
0.229156494140625,1538794468.192362
1.75518798828125,1538794468.20235
0.0,1538794468.212378
0.171875,1538794468.22237
0.877593994140625,1538794468.232349
0.0,1538794468.242364
1.75518798828125,1538794468.252363
1.75518798828125,1538794468.262351
0.229156494140625,1538794468.272323
1.75518798828125,1538794468.282347
0.286468505859375,1538794468.292347
0.171875,1538794468.302331
0.286468505859375,1538794468.312347
0.229156494140625,1538794468.322367
1.75518798828125,1538794468.332322
0.229156494140625,1538794468.34237
1.75518798828125,1538794468.352345
0.877593994140625,1538794468.362356
0.0,1538794468.372354
0.171875,1538794468.382351
1.75518798828125,1538794468.392347
0.171875,1538794468.40237
0.229156494140625,1538794468.412357
0.171875,1538794468.422348
1.75518798828125,1538794468.432347
0.229156494140625,1538794468.442359
0.171875,1538794468.452324
1.75518798828125,1538794468.462342
0.229156494140625,1538794468.472356
0.0,1538794468.482361
0.0,1538794468.492358
0.877593994140625,1538794468.502345
0.286468505859375,1538794468.512323
1.75518798828125,1538794468.52236
0.171875,1538794468.531346
1.75518798828125,1538794468.54237
1.75518798828125,1538794468.552362
0.877593994140625,1538794468.562326
0.286468505859375,1538794468.572315
0.229156494140625,1538794468.582361
1.75518798828125,1538794468.592344
0.171875,1538794468.602322
0.286468505859375,1538794468.612357
0.877593994140625,1538794468.622338
0.229156494140625,1538794468.632339
0.171875,1538794468.642368
0.0,1538794468.652366
0.171875,1538794468.662378
0.877593994140625,1538794468.672338
0.877593994140625,1538794468.682342
1.75518798828125,1538794468.692363
0.229156494140625,1538794468.702314
1.75518798828125,1538794468.712353
0.171875,1538794468.722326
0.877593994140625,1538794468.732344
0.0,1538794468.742325
0.171875,1538794468.752325
0.286468505859375,1538794468.762346
1.75518798828125,1538794468.772321
0.0,1538794468.782329
0.0,1538794468.792361
0.0,1538794468.802356
0.0,1538794468.812364
1.75518798828125,1538794468.822316
1.75518798828125,1538794468.832352
0.229156494140625,1538794468.84236
0.229156494140625,1538794468.852353
1.75518798828125,1538794468.862341
0.171875,1538794468.872362
0.171875,1538794468.882319
0.171875,1538794468.89135
0.286468505859375,1538794468.901372
0.40106201171875,1538794468.912353
0.171875,1538794468.922394
0.171875,1538794468.932409
0.877593994140625,1538794468.942334
-0.057281494140625,1538794468.952341
1.75518798828125,1538794468.962341
1.75518798828125,1538794468.972341
1.75518798828125,1538794468.98236
0.229156494140625,1538794468.992344
0.171875,1538794469.002359
0.286468505859375,1538794469.01231
0.458343505859375,1538794469.022317
0.229156494140625,1538794469.032344
0.286468505859375,1538794469.042341
0.286468505859375,1538794469.052342
0.171875,1538794469.062344
-0.057281494140625,1538794469.072336
0.877593994140625,1538794469.082354
-0.057281494140625,1538794469.092333
0.0,1538794469.102345
0.877593994140625,1538794469.112356
0.229156494140625,1538794469.122356
0.171875,1538794469.132326
0.34375,1538794469.142344
0.286468505859375,1538794469.152336
0.171875,1538794469.16236
0.171875,1538794469.17232
1.75518798828125,1538794469.182338
1.75518798828125,1538794469.192328
0.877593994140625,1538794469.202337
-0.057281494140625,1538794469.212338
0.0,1538794469.222345
-0.057281494140625,1538794469.232313
1.75518798828125,1538794469.24231
1.75518798828125,1538794469.252326
0.171875,1538794469.262341
0.877593994140625,1538794469.272348
0.229156494140625,1538794469.282349
1.75518798828125,1538794469.292312
0.171875,1538794469.302357
0.171875,1538794469.312343
0.877593994140625,1538794469.322352
0.171875,1538794469.332343
0.171875,1538794469.342347
0.877593994140625,1538794469.352333
0.171875,1538794469.362358
0.877593994140625,1538794469.372351
0.171875,1538794469.382362
1.75518798828125,1538794469.392378
0.171875,1538794469.402354
0.171875,1538794469.412317
1.75518798828125,1538794469.422355
1.75518798828125,1538794469.432332
1.75518798828125,1538794469.442305
0.286468505859375,1538794469.452326
0.877593994140625,1538794469.462326
0.877593994140625,1538794469.47233
1.75518798828125,1538794469.482331
0.877593994140625,1538794469.492347
0.171875,1538794469.502317
0.171875,1538794469.512344
0.877593994140625,1538794469.522305
0.229156494140625,1538794469.532316
0.229156494140625,1538794469.541324
0.286468505859375,1538794469.552354
0.34375,1538794469.562315
0.286468505859375,1538794469.572331
1.75518798828125,1538794469.582328
0.171875,1538794469.592336
1.75518798828125,1538794469.60233
1.75518798828125,1538794469.612327
0.877593994140625,1538794469.622301
0.171875,1538794469.632348
0.171875,1538794469.642343
0.877593994140625,1538794469.652296
0.877593994140625,1538794469.662326
0.171875,1538794469.672363
0.286468505859375,1538794469.681365
1.75518798828125,1538794469.692326
0.171875,1538794469.702343
0.171875,1538794469.712312
0.229156494140625,1538794469.7223
0.229156494140625,1538794469.732335
0.171875,1538794469.742302
0.0,1538794469.752313
1.75518798828125,1538794469.762327
0.0,1538794469.772306
0.877593994140625,1538794469.782298
0.34375,1538794469.792301
1.75518798828125,1538794469.802296
0.286468505859375,1538794469.812317
0.34375,1538794469.822326
0.286468505859375,1538794469.832322
1.75518798828125,1538794469.842338
0.229156494140625,1538794469.852326
0.229156494140625,1538794469.862321
0.877593994140625,1538794469.872297
0.0,1538794469.88231
1.75518798828125,1538794469.89235
0.171875,1538794469.902373
0.877593994140625,1538794469.912408
0.0,1538794469.922415
0.877593994140625,1538794469.932344
1.75518798828125,1538794469.942343
0.877593994140625,1538794469.952304
1.75518798828125,1538794469.962355
0.286468505859375,1538794469.972349
1.75518798828125,1538794469.982323
1.75518798828125,1538794469.992356
0.877593994140625,1538794470.002301
1.75518798828125,1538794470.012303
0.877593994140625,1538794470.02132
1.75518798828125,1538794470.032322
1.75518798828125,1538794470.042315
1.75518798828125,1538794470.052345
0.286468505859375,1538794470.061319
0.877593994140625,1538794470.072343
0.877593994140625,1538794470.082327
0.229156494140625,1538794470.092316
0.171875,1538794470.102311
0.877593994140625,1538794470.112342
0.229156494140625,1538794470.122334
1.75518798828125,1538794470.1323
0.171875,1538794470.142332
0.229156494140625,1538794470.15233
0.877593994140625,1538794470.162336
1.75518798828125,1538794470.172324
1.75518798828125,1538794470.182318
0.0,1538794470.192322
0.0,1538794470.202348
0.877593994140625,1538794470.212327
0.171875,1538794470.222303
1.75518798828125,1538794470.232342
0.286468505859375,1538794470.242339
0.0,1538794470.252347
0.877593994140625,1538794470.262342
0.171875,1538794470.272299
1.75518798828125,1538794470.282302
0.877593994140625,1538794470.292315
0.0,1538794470.302346
0.0,1538794470.3123
0.877593994140625,1538794470.322319
-0.057281494140625,1538794470.332322
0.0,1538794470.342331
0.877593994140625,1538794470.352331
0.229156494140625,1538794470.362291
0.171875,1538794470.372305
0.286468505859375,1538794470.38233
0.877593994140625,1538794470.392323
0.286468505859375,1538794470.402333
0.171875,1538794470.412346
0.877593994140625,1538794470.4223
0.877593994140625,1538794470.432296
1.75518798828125,1538794470.442334
1.75518798828125,1538794470.452339
0.0,1538794470.462345
0.877593994140625,1538794470.472297
0.229156494140625,1538794470.482299
1.75518798828125,1538794470.492343
0.171875,1538794470.50238
0.229156494140625,1538794470.512347
0.0,1538794470.522341
0.229156494140625,1538794470.532322
0.877593994140625,1538794470.542303
0.229156494140625,1538794470.55233
0.877593994140625,1538794470.562299
0.877593994140625,1538794470.572296
0.0,1538794470.582333
-0.11456298828125,1538794470.592336
0.171875,1538794470.602352
0.171875,1538794470.612333
0.171875,1538794470.622331
0.229156494140625,1538794470.631304
0.171875,1538794470.642313
0.171875,1538794470.652344
0.171875,1538794470.66235
0.877593994140625,1538794470.672333
0.877593994140625,1538794470.681318
0.0,1538794470.692342
0.171875,1538794470.702324
-0.057281494140625,1538794470.712324
1.75518798828125,1538794470.722338
0.171875,1538794470.732301
0.877593994140625,1538794470.742319
0.229156494140625,1538794470.752354
0.229156494140625,1538794470.762311
0.286468505859375,1538794470.772319
0.229156494140625,1538794470.782296
0.229156494140625,1538794470.792286
0.877593994140625,1538794470.802336
0.0,1538794470.812307
0.0,1538794470.822345
1.75518798828125,1538794470.832333
1.75518798828125,1538794470.842374
0.229156494140625,1538794470.852373
0.877593994140625,1538794470.862383
0.229156494140625,1538794470.872348
0.229156494140625,1538794470.882355
0.229156494140625,1538794470.892325
0.40106201171875,1538794470.902331
0.229156494140625,1538794470.912332
0.229156494140625,1538794470.92233
1.75518798828125,1538794470.93236
0.877593994140625,1538794470.942294
0.171875,1538794470.952332
1.75518798828125,1538794470.962343
0.0,1538794470.972305
1.75518798828125,1538794470.982329
0.877593994140625,1538794470.992312
1.75518798828125,1538794471.002292
0.34375,1538794471.012342
0.34375,1538794471.022335
0.229156494140625,1538794471.032317
0.877593994140625,1538794471.042293
1.75518798828125,1538794471.052297
0.0,1538794471.062317
1.75518798828125,1538794471.072295
1.75518798828125,1538794471.082329
0.877593994140625,1538794471.092326
0.0,1538794471.102344
1.75518798828125,1538794471.11234
1.75518798828125,1538794471.122289
1.75518798828125,1538794471.132325
1.75518798828125,1538794471.142314
0.171875,1538794471.152289
0.171875,1538794471.16234
1.75518798828125,1538794471.172314
0.0,1538794471.182293
0.0,1538794471.192321
-0.11456298828125,1538794471.202313
0.877593994140625,1538794471.212351
0.0,1538794471.2223
0.877593994140625,1538794471.23233
1.75518798828125,1538794471.242323
0.286468505859375,1538794471.252305
0.877593994140625,1538794471.262298
0.286468505859375,1538794471.272312
0.0,1538794471.282311
1.75518798828125,1538794471.292311
0.229156494140625,1538794471.302304
0.877593994140625,1538794471.311315
0.0,1538794471.322291
0.0,1538794471.332328
0.0,1538794471.341309
0.0,1538794471.352288
0.171875,1538794471.362308
0.286468505859375,1538794471.372302
0.877593994140625,1538794471.382313
0.286468505859375,1538794471.391339
0.286468505859375,1538794471.402308
0.171875,1538794471.412341
0.171875,1538794471.422307
0.171875,1538794471.432307
0.229156494140625,1538794471.442301
0.877593994140625,1538794471.452323
0.171875,1538794471.462354
0.0,1538794471.472323
0.0,1538794471.482316
0.171875,1538794471.492335
0.229156494140625,1538794471.502316
1.75518798828125,1538794471.512312
0.229156494140625,1538794471.522314
0.229156494140625,1538794471.53231
1.75518798828125,1538794471.542278
0.171875,1538794471.552328
0.171875,1538794471.562326
0.171875,1538794471.572295
0.0,1538794471.58231
0.229156494140625,1538794471.592298
1.75518798828125,1538794471.602275
1.75518798828125,1538794471.612278
1.75518798828125,1538794471.622282
1.75518798828125,1538794471.632279
1.75518798828125,1538794471.642356
0.171875,1538794471.652334
0.171875,1538794471.662341
1.75518798828125,1538794471.672355
0.286468505859375,1538794471.682355
0.171875,1538794471.692317
0.0,1538794471.702319
0.0,1538794471.712368
0.0,1538794471.722358
1.75518798828125,1538794471.732347
0.229156494140625,1538794471.742294
0.171875,1538794471.752314
0.229156494140625,1538794471.762279
0.229156494140625,1538794471.772288
1.75518798828125,1538794471.782276
0.40106201171875,1538794471.792303
0.229156494140625,1538794471.802299
0.877593994140625,1538794471.812278
0.171875,1538794471.822339
0.171875,1538794471.832307
1.75518798828125,1538794471.842274
0.0,1538794471.852307
0.171875,1538794471.86231
0.877593994140625,1538794471.872318
0.877593994140625,1538794471.881296
0.0,1538794471.892283
0.0,1538794471.902308
0.171875,1538794471.912319
0.877593994140625,1538794471.922321
1.75518798828125,1538794471.932276
0.229156494140625,1538794471.942312
1.75518798828125,1538794471.952302
0.877593994140625,1538794471.962322
0.0,1538794471.972328
0.877593994140625,1538794471.982299
0.0,1538794471.992286
0.0,1538794472.002313
1.75518798828125,1538794472.0123
0.229156494140625,1538794472.022322
0.171875,1538794472.032301
1.75518798828125,1538794472.042323
1.75518798828125,1538794472.052278
0.877593994140625,1538794472.062273
0.0,1538794472.072305
0.877593994140625,1538794472.082312
1.75518798828125,1538794472.092295
0.171875,1538794472.102301
1.75518798828125,1538794472.112307
0.877593994140625,1538794472.122315
1.75518798828125,1538794472.1323
0.286468505859375,1538794472.142309
0.171875,1538794472.152305
1.75518798828125,1538794472.162316
0.286468505859375,1538794472.17229
0.34375,1538794472.182295
1.75518798828125,1538794472.192297
0.877593994140625,1538794472.202311
0.0,1538794472.212306
0.877593994140625,1538794472.222277
0.0,1538794472.232293
0.877593994140625,1538794472.242293
0.877593994140625,1538794472.252277
1.75518798828125,1538794472.26231
0.877593994140625,1538794472.272304
0.229156494140625,1538794472.282319
0.877593994140625,1538794472.292313
0.877593994140625,1538794472.301289
1.75518798828125,1538794472.3123
1.75518798828125,1538794472.321339
1.75518798828125,1538794472.332297
0.0,1538794472.342289
1.75518798828125,1538794472.352268
-0.057281494140625,1538794472.362292
0.171875,1538794472.371289
0.0,1538794472.382276
1.75518798828125,1538794472.392315
1.75518798828125,1538794472.402293
1.75518798828125,1538794472.412312
0.171875,1538794472.422276
0.286468505859375,1538794472.432285
1.75518798828125,1538794472.442267
1.75518798828125,1538794472.452306
0.0,1538794472.462303
0.877593994140625,1538794472.472309
1.75518798828125,1538794472.482301
-0.11456298828125,1538794472.492299
0.0,1538794472.502301
0.877593994140625,1538794472.512308
0.877593994140625,1538794472.522285
0.171875,1538794472.532269
0.171875,1538794472.542321
1.75518798828125,1538794472.552321
1.75518798828125,1538794472.562306
0.171875,1538794472.572291
1.75518798828125,1538794472.5823
0.229156494140625,1538794472.592263
1.75518798828125,1538794472.602297
0.171875,1538794472.61229
0.877593994140625,1538794472.62229
0.877593994140625,1538794472.632318
1.75518798828125,1538794472.64231
0.229156494140625,1538794472.652263
1.75518798828125,1538794472.662271
0.286468505859375,1538794472.672284
0.877593994140625,1538794472.682294
1.75518798828125,1538794472.69229
0.229156494140625,1538794472.702283
0.229156494140625,1538794472.712283
0.171875,1538794472.722293
1.75518798828125,1538794472.732279
0.877593994140625,1538794472.742261
1.75518798828125,1538794472.752282
0.171875,1538794472.761313
0.171875,1538794472.772285
0.229156494140625,1538794472.782298
0.34375,1538794472.791288
0.229156494140625,1538794472.802299
0.229156494140625,1538794472.812294
0.229156494140625,1538794472.822279
0.286468505859375,1538794472.83227
1.75518798828125,1538794472.84228
1.75518798828125,1538794472.852286
1.75518798828125,1538794472.862258
0.0,1538794472.872291
0.877593994140625,1538794472.882295
0.877593994140625,1538794472.892305
1.75518798828125,1538794472.902291
0.877593994140625,1538794472.912295
1.75518798828125,1538794472.92226
1.75518798828125,1538794472.932301
1.75518798828125,1538794472.942317
0.171875,1538794472.952286
0.171875,1538794472.962338
0.171875,1538794472.972289
0.877593994140625,1538794472.982252
1.75518798828125,1538794472.992292
1.75518798828125,1538794473.002275
0.171875,1538794473.012262
0.877593994140625,1538794473.022275
0.877593994140625,1538794473.032259
0.877593994140625,1538794473.042317
1.75518798828125,1538794473.052281
1.75518798828125,1538794473.062256
0.229156494140625,1538794473.071317
0.229156494140625,1538794473.082294
0.171875,1538794473.092302
0.229156494140625,1538794473.102298
1.75518798828125,1538794473.112285
0.171875,1538794473.122286
0.171875,1538794473.132259
1.75518798828125,1538794473.142296
1.75518798828125,1538794473.152302
0.0,1538794473.162294
0.877593994140625,1538794473.172286
0.171875,1538794473.182303
0.877593994140625,1538794473.19225
0.171875,1538794473.202261
1.75518798828125,1538794473.212304
0.171875,1538794473.222271
0.229156494140625,1538794473.232277
0.286468505859375,1538794473.24228
0.171875,1538794473.252273
1.75518798828125,1538794473.262317
1.75518798828125,1538794473.27228
0.877593994140625,1538794473.282249
0.286468505859375,1538794473.292278
1.75518798828125,1538794473.302269
0.877593994140625,1538794473.312295
0.877593994140625,1538794473.322299
-0.057281494140625,1538794473.33229
0.171875,1538794473.342312
0.286468505859375,1538794473.352245
0.0,1538794473.361289
1.75518798828125,1538794473.372321
1.75518798828125,1538794473.382293
0.877593994140625,1538794473.392272
0.877593994140625,1538794473.402256
0.229156494140625,1538794473.412285
1.75518798828125,1538794473.422313
1.75518798828125,1538794473.432252
0.171875,1538794473.442258
0.877593994140625,1538794473.452265
0.229156494140625,1538794473.462254
0.171875,1538794473.472304
1.75518798828125,1538794473.482275
1.75518798828125,1538794473.492247
0.0,1538794473.502283
0.877593994140625,1538794473.512279
0.286468505859375,1538794473.522255
1.75518798828125,1538794473.532294
0.0,1538794473.542266
0.877593994140625,1538794473.552338
0.229156494140625,1538794473.562283
0.286468505859375,1538794473.572278
0.0,1538794473.582322
0.171875,1538794473.592304
1.75518798828125,1538794473.602283
0.877593994140625,1538794473.612278
1.75518798828125,1538794473.622273
1.75518798828125,1538794473.632273
0.34375,1538794473.642283
0.286468505859375,1538794473.652273
1.75518798828125,1538794473.662272
1.75518798828125,1538794473.672249
0.171875,1538794473.682245
0.286468505859375,1538794473.692274
0.229156494140625,1538794473.702243
0.877593994140625,1538794473.712288
0.877593994140625,1538794473.722272
1.75518798828125,1538794473.732247
1.75518798828125,1538794473.74228
0.877593994140625,1538794473.752254
0.877593994140625,1538794473.76229
0.171875,1538794473.772279
0.171875,1538794473.782271
0.286468505859375,1538794473.792239
0.229156494140625,1538794473.802282
0.171875,1538794473.81228
1.75518798828125,1538794473.822245
0.171875,1538794473.832286
0.229156494140625,1538794473.84229
0.171875,1538794473.852249
0.229156494140625,1538794473.862294
1.75518798828125,1538794473.872252
0.171875,1538794473.882247
1.75518798828125,1538794473.89228
1.75518798828125,1538794473.902241
1.75518798828125,1538794473.912243
0.877593994140625,1538794473.92227
0.0,1538794473.932253
0.171875,1538794473.942269
0.877593994140625,1538794473.951261
1.75518798828125,1538794473.962299
1.75518798828125,1538794473.972239
0.877593994140625,1538794473.982275
0.171875,1538794473.992281
1.75518798828125,1538794474.002281
0.171875,1538794474.012283
1.75518798828125,1538794474.022263
0.171875,1538794474.032243
0.877593994140625,1538794474.04126
1.75518798828125,1538794474.052299
0.171875,1538794474.062266
0.40106201171875,1538794474.072267
1.75518798828125,1538794474.082259
-0.057281494140625,1538794474.092242
1.75518798828125,1538794474.102247
0.0,1538794474.112244
0.171875,1538794474.12224
0.171875,1538794474.132358
0.171875,1538794474.142365
0.286468505859375,1538794474.151354
0.0,1538794474.162341
1.75518798828125,1538794474.17226
0.877593994140625,1538794474.182229
0.171875,1538794474.192263
0.229156494140625,1538794474.201244
0.229156494140625,1538794474.21223
0.229156494140625,1538794474.222225
0.877593994140625,1538794474.232231
1.75518798828125,1538794474.242231
0.877593994140625,1538794474.251257
1.75518798828125,1538794474.262359
0.0,1538794474.272296
0.877593994140625,1538794474.282257
-0.057281494140625,1538794474.292256
0.877593994140625,1538794474.302273
1.75518798828125,1538794474.31223
0.0,1538794474.322241
0.877593994140625,1538794474.332231
1.75518798828125,1538794474.34229
1.75518798828125,1538794474.352262
0.229156494140625,1538794474.362248
0.171875,1538794474.372232
0.0,1538794474.38226
1.75518798828125,1538794474.392232
-0.057281494140625,1538794474.402267
1.75518798828125,1538794474.412256
1.75518798828125,1538794474.422224
1.75518798828125,1538794474.432255
1.75518798828125,1538794474.442257
0.877593994140625,1538794474.452251
0.171875,1538794474.462277
1.75518798828125,1538794474.472229
0.286468505859375,1538794474.482232
0.229156494140625,1538794474.49226
0.229156494140625,1538794474.502243
0.877593994140625,1538794474.512226
0.171875,1538794474.522268
1.75518798828125,1538794474.532252
1.75518798828125,1538794474.542228
0.877593994140625,1538794474.551246
1.75518798828125,1538794474.562252
1.75518798828125,1538794474.572242
0.171875,1538794474.582256
0.877593994140625,1538794474.592251
0.229156494140625,1538794474.60222
0.171875,1538794474.61226
0.286468505859375,1538794474.622246
0.229156494140625,1538794474.632222
0.229156494140625,1538794474.642258
0.877593994140625,1538794474.652226
0.171875,1538794474.662234
0.877593994140625,1538794474.672246
0.877593994140625,1538794474.682244
1.75518798828125,1538794474.692228
0.877593994140625,1538794474.702255
1.75518798828125,1538794474.712251
1.75518798828125,1538794474.722228
0.171875,1538794474.732239
1.75518798828125,1538794474.742268
1.75518798828125,1538794474.752219
1.75518798828125,1538794474.762261
1.75518798828125,1538794474.772267
0.877593994140625,1538794474.782226
0.0,1538794474.792256
-0.057281494140625,1538794474.802249
0.171875,1538794474.812231
1.75518798828125,1538794474.822227
0.171875,1538794474.83126
0.229156494140625,1538794474.842221
0.229156494140625,1538794474.852258
0.286468505859375,1538794474.862252
1.75518798828125,1538794474.872217
0.877593994140625,1538794474.88227
0.0,1538794474.892235
0.877593994140625,1538794474.902263
0.171875,1538794474.912269
0.877593994140625,1538794474.922246
0.286468505859375,1538794474.932239
0.286468505859375,1538794474.942267
0.0,1538794474.952226
1.75518798828125,1538794474.962294
0.171875,1538794474.972272
1.75518798828125,1538794474.982248
0.171875,1538794474.992226
0.171875,1538794475.002267
0.0,1538794475.012251
1.75518798828125,1538794475.022258
0.171875,1538794475.032263
0.877593994140625,1538794475.04222
-0.057281494140625,1538794475.052218
-0.11456298828125,1538794475.062221
0.171875,1538794475.072242
0.171875,1538794475.08225
0.229156494140625,1538794475.092214
0.40106201171875,1538794475.102241
0.458343505859375,1538794475.11229
0.229156494140625,1538794475.122267
0.34375,1538794475.132274
0.286468505859375,1538794475.142219
0.0,1538794475.152259
0.229156494140625,1538794475.16226
0.877593994140625,1538794475.172281
1.75518798828125,1538794475.182258
0.0,1538794475.192231
0.171875,1538794475.202252
0.171875,1538794475.212257
0.229156494140625,1538794475.222247
0.229156494140625,1538794475.232247
0.0,1538794475.242258
1.75518798828125,1538794475.252245
0.286468505859375,1538794475.26222
0.229156494140625,1538794475.27225
0.877593994140625,1538794475.282251
0.286468505859375,1538794475.292219
0.171875,1538794475.302258
0.171875,1538794475.312268
0.877593994140625,1538794475.322248
1.75518798828125,1538794475.332259
0.0,1538794475.342231
0.171875,1538794475.352244
0.877593994140625,1538794475.362245
0.229156494140625,1538794475.372248
0.229156494140625,1538794475.381274
0.171875,1538794475.392269
1.75518798828125,1538794475.402248
0.877593994140625,1538794475.41222
0.0,1538794475.422294
0.0,1538794475.432239
0.0,1538794475.442236
1.75518798828125,1538794475.452219
0.229156494140625,1538794475.462253
0.229156494140625,1538794475.47223
0.286468505859375,1538794475.482245
0.34375,1538794475.492271
0.229156494140625,1538794475.502212
1.75518798828125,1538794475.512238
0.229156494140625,1538794475.522252
1.75518798828125,1538794475.532218
1.75518798828125,1538794475.542216
0.877593994140625,1538794475.55225
0.171875,1538794475.562222
1.75518798828125,1538794475.572255
0.877593994140625,1538794475.582224
0.171875,1538794475.592223
0.171875,1538794475.602217
0.286468505859375,1538794475.612231
0.877593994140625,1538794475.622276
0.286468505859375,1538794475.632234
0.286468505859375,1538794475.642233
0.171875,1538794475.652221
1.75518798828125,1538794475.662217
0.0,1538794475.672232
0.877593994140625,1538794475.682262
1.75518798828125,1538794475.692247
0.877593994140625,1538794475.702232
0.171875,1538794475.712261
0.171875,1538794475.722287
0.229156494140625,1538794475.731233
1.75518798828125,1538794475.742243
1.75518798828125,1538794475.752246
0.877593994140625,1538794475.762234
0.286468505859375,1538794475.772207
0.171875,1538794475.782217
1.75518798828125,1538794475.79224
1.75518798828125,1538794475.802217
1.75518798828125,1538794475.812239
0.877593994140625,1538794475.822237
0.877593994140625,1538794475.832262
0.171875,1538794475.842265
1.75518798828125,1538794475.852232
0.171875,1538794475.862264
0.171875,1538794475.872215
0.171875,1538794475.882263
0.171875,1538794475.892212
0.229156494140625,1538794475.902232
0.34375,1538794475.912247
0.229156494140625,1538794475.922232
0.229156494140625,1538794475.932247
0.0,1538794475.94222
0.0,1538794475.952249
-0.057281494140625,1538794475.962261
0.0,1538794475.972215
0.0,1538794475.982225
0.877593994140625,1538794475.992267
0.171875,1538794476.002273
1.75518798828125,1538794476.012241
0.877593994140625,1538794476.022266
1.75518798828125,1538794476.032295
0.171875,1538794476.042245
0.229156494140625,1538794476.052264
0.0,1538794476.062284
0.877593994140625,1538794476.072285
1.75518798828125,1538794476.082277
0.877593994140625,1538794476.092209
0.0,1538794476.102251
1.75518798828125,1538794476.112236
0.877593994140625,1538794476.122204
0.0,1538794476.132259
0.171875,1538794476.142245
0.229156494140625,1538794476.152246
0.286468505859375,1538794476.162226
0.286468505859375,1538794476.172229
0.0,1538794476.18223
0.877593994140625,1538794476.19224
1.75518798828125,1538794476.202249
0.0,1538794476.212221
0.877593994140625,1538794476.222248
1.75518798828125,1538794476.232262
0.877593994140625,1538794476.242207
0.877593994140625,1538794476.252208
1.75518798828125,1538794476.262232
0.229156494140625,1538794476.272228
0.34375,1538794476.282244
0.34375,1538794476.292252
0.229156494140625,1538794476.301214
1.75518798828125,1538794476.312204
0.229156494140625,1538794476.32225
0.877593994140625,1538794476.332251
0.171875,1538794476.342204
0.877593994140625,1538794476.352206
0.877593994140625,1538794476.362205
0.877593994140625,1538794476.372203
0.171875,1538794476.38225
0.877593994140625,1538794476.392225
1.75518798828125,1538794476.402202
0.229156494140625,1538794476.412223
0.286468505859375,1538794476.422226
0.229156494140625,1538794476.432217
0.171875,1538794476.44225
0.229156494140625,1538794476.452235
1.75518798828125,1538794476.4622
1.75518798828125,1538794476.472227
0.0,1538794476.482228
0.877593994140625,1538794476.492196
1.75518798828125,1538794476.502242
0.0,1538794476.512209
1.75518798828125,1538794476.522249
0.171875,1538794476.532248
1.75518798828125,1538794476.542226
0.40106201171875,1538794476.552192
0.286468505859375,1538794476.562228
0.171875,1538794476.571223
0.286468505859375,1538794476.582232
1.75518798828125,1538794476.592234
0.877593994140625,1538794476.60222
0.171875,1538794476.612258
0.229156494140625,1538794476.622199
1.75518798828125,1538794476.632251
0.229156494140625,1538794476.642203
1.75518798828125,1538794476.652221
0.229156494140625,1538794476.662232
0.171875,1538794476.672204
0.171875,1538794476.682223
0.229156494140625,1538794476.692242
1.75518798828125,1538794476.702192
0.877593994140625,1538794476.711227
1.75518798828125,1538794476.722244
1.75518798828125,1538794476.732222
0.171875,1538794476.742235
0.0,1538794476.752201
0.877593994140625,1538794476.762193
0.171875,1538794476.772241
1.75518798828125,1538794476.782223
1.75518798828125,1538794476.79224
1.75518798828125,1538794476.802253
0.34375,1538794476.812259
0.877593994140625,1538794476.822233
1.75518798828125,1538794476.83227
1.75518798828125,1538794476.842268
0.171875,1538794476.852233
0.229156494140625,1538794476.862254
0.229156494140625,1538794476.872233
0.0,1538794476.882238
1.75518798828125,1538794476.892231
0.229156494140625,1538794476.902241
1.75518798828125,1538794476.912198
0.171875,1538794476.922238
0.229156494140625,1538794476.932249
0.171875,1538794476.942243
0.171875,1538794476.952238
0.286468505859375,1538794476.962236
0.34375,1538794476.971261
0.34375,1538794476.98224
1.75518798828125,1538794476.992236
1.75518798828125,1538794477.002199
0.877593994140625,1538794477.012192
-0.057281494140625,1538794477.022212
0.0,1538794477.032207
0.877593994140625,1538794477.042237
0.0,1538794477.052227
0.0,1538794477.062212
0.229156494140625,1538794477.072195
0.229156494140625,1538794477.082218
0.229156494140625,1538794477.092225
0.229156494140625,1538794477.102212
0.229156494140625,1538794477.112185
0.171875,1538794477.122224
0.171875,1538794477.132204
0.229156494140625,1538794477.142214
0.0,1538794477.152227
0.877593994140625,1538794477.162216
0.0,1538794477.172235
0.877593994140625,1538794477.182239
0.0,1538794477.192239
0.171875,1538794477.202219
0.229156494140625,1538794477.212185
0.286468505859375,1538794477.22221
0.229156494140625,1538794477.232222
0.286468505859375,1538794477.242206
1.75518798828125,1538794477.25223
0.0,1538794477.262233
0.877593994140625,1538794477.272189
1.75518798828125,1538794477.282214
-0.057281494140625,1538794477.292219
-0.057281494140625,1538794477.30224
0.877593994140625,1538794477.312208
1.75518798828125,1538794477.322187
1.75518798828125,1538794477.332188
0.229156494140625,1538794477.342211
0.40106201171875,1538794477.352212
0.229156494140625,1538794477.362198
1.75518798828125,1538794477.372211
0.229156494140625,1538794477.382205
0.229156494140625,1538794477.392181
0.877593994140625,1538794477.402229
0.0,1538794477.412231
0.0,1538794477.422219
0.877593994140625,1538794477.431212
0.877593994140625,1538794477.442213
1.75518798828125,1538794477.452197
1.75518798828125,1538794477.462232
1.75518798828125,1538794477.472217
0.229156494140625,1538794477.482182
0.34375,1538794477.492235
0.40106201171875,1538794477.502227
0.229156494140625,1538794477.512181
0.286468505859375,1538794477.522205
1.75518798828125,1538794477.532209
0.877593994140625,1538794477.54221
1.75518798828125,1538794477.552217
-0.11456298828125,1538794477.562212
0.877593994140625,1538794477.572207
0.877593994140625,1538794477.582211
0.171875,1538794477.592235
0.171875,1538794477.602188
0.229156494140625,1538794477.612208
0.34375,1538794477.622212
0.229156494140625,1538794477.631241
0.458343505859375,1538794477.642223
0.34375,1538794477.652227
0.229156494140625,1538794477.662206
0.877593994140625,1538794477.672213
-0.11456298828125,1538794477.682213
-0.171875,1538794477.692197
-0.171875,1538794477.70221
-0.171875,1538794477.712224
1.75518798828125,1538794477.722223
0.171875,1538794477.732199
0.229156494140625,1538794477.74221
0.57293701171875,1538794477.752202
0.34375,1538794477.762225
0.458343505859375,1538794477.772224
0.171875,1538794477.782185
1.75518798828125,1538794477.792204
0.877593994140625,1538794477.80218
0.0,1538794477.812243
-0.171875,1538794477.822224
-0.286468505859375,1538794477.832218
-0.286468505859375,1538794477.842182
-0.171875,1538794477.852231
0.877593994140625,1538794477.862228
0.171875,1538794477.872191
0.286468505859375,1538794477.882202
0.458343505859375,1538794477.892205
0.458343505859375,1538794477.90218
0.51611328125,1538794477.912187
0.40106201171875,1538794477.9222
0.877593994140625,1538794477.932193
1.75518798828125,1538794477.942206
-0.057281494140625,1538794477.952229
-0.229156494140625,1538794477.962208
-0.11456298828125,1538794477.97221
-0.057281494140625,1538794477.982204
0.171875,1538794477.992229
0.171875,1538794478.002232
0.34375,1538794478.012227
0.458343505859375,1538794478.022218
0.458343505859375,1538794478.032219
0.171875,1538794478.042224
0.0,1538794478.052241
0.877593994140625,1538794478.062204
-0.057281494140625,1538794478.072183
-0.171875,1538794478.081253
-0.229156494140625,1538794478.092177
-0.11456298828125,1538794478.102203
-0.11456298828125,1538794478.11219
1.75518798828125,1538794478.122179
0.171875,1538794478.131201
0.458343505859375,1538794478.142176
0.57293701171875,1538794478.152256
0.57293701171875,1538794478.162205
0.51611328125,1538794478.172219
0.286468505859375,1538794478.1822
0.171875,1538794478.192212
-0.11456298828125,1538794478.202173
-0.171875,1538794478.212246
-0.11456298828125,1538794478.222205
-0.057281494140625,1538794478.232166
-0.11456298828125,1538794478.242171
-0.057281494140625,1538794478.252212
0.286468505859375,1538794478.262174
0.40106201171875,1538794478.272196
0.40106201171875,1538794478.282229
0.40106201171875,1538794478.292186
0.229156494140625,1538794478.302191
0.286468505859375,1538794478.312196
0.877593994140625,1538794478.322228
0.877593994140625,1538794478.332207
-0.057281494140625,1538794478.342198
0.0,1538794478.352215
-0.057281494140625,1538794478.362205
-0.057281494140625,1538794478.372192
-0.057281494140625,1538794478.382187
1.75518798828125,1538794478.392174
0.171875,1538794478.402228
0.40106201171875,1538794478.412193
0.286468505859375,1538794478.422164
0.34375,1538794478.432214
0.171875,1538794478.442211
0.171875,1538794478.452195
0.0,1538794478.462222
-0.11456298828125,1538794478.472218
-0.057281494140625,1538794478.482191
0.0,1538794478.492211
0.0,1538794478.502205
0.171875,1538794478.512209
1.75518798828125,1538794478.522215
0.171875,1538794478.532201
0.34375,1538794478.541203
0.34375,1538794478.552231
0.34375,1538794478.562199
0.229156494140625,1538794478.572192
0.877593994140625,1538794478.582192
-0.057281494140625,1538794478.592182
-0.11456298828125,1538794478.602205
-0.057281494140625,1538794478.612188
1.75518798828125,1538794478.622163
0.0,1538794478.632209
0.171875,1538794478.642194
0.171875,1538794478.652172
0.229156494140625,1538794478.662185
0.171875,1538794478.672195
0.171875,1538794478.682173
0.34375,1538794478.692215
0.877593994140625,1538794478.702187
1.75518798828125,1538794478.712161
0.0,1538794478.7222
-0.057281494140625,1538794478.732202
0.0,1538794478.742198
0.877593994140625,1538794478.752193
0.0,1538794478.762186
0.0,1538794478.772244
0.229156494140625,1538794478.782203
1.75518798828125,1538794478.792187
0.171875,1538794478.802193
0.286468505859375,1538794478.812185
0.229156494140625,1538794478.822185
1.75518798828125,1538794478.832158
0.171875,1538794478.842211
-0.057281494140625,1538794478.852195
-0.057281494140625,1538794478.862162
0.877593994140625,1538794478.872187
0.0,1538794478.882171
-0.057281494140625,1538794478.892173
0.877593994140625,1538794478.902205
0.171875,1538794478.912208
0.171875,1538794478.922201
0.229156494140625,1538794478.932187
0.877593994140625,1538794478.942188
0.171875,1538794478.952195
0.286468505859375,1538794478.962208
0.229156494140625,1538794478.972209
0.0,1538794478.982195
-0.057281494140625,1538794478.992179
0.877593994140625,1538794479.002179
0.877593994140625,1538794479.012208
0.877593994140625,1538794479.022166
0.171875,1538794479.032192
0.171875,1538794479.04221
1.75518798828125,1538794479.05219
0.34375,1538794479.062161
0.171875,1538794479.07221
0.286468505859375,1538794479.082182
1.75518798828125,1538794479.092217
0.877593994140625,1538794479.102199
1.75518798828125,1538794479.112184
0.0,1538794479.12217
1.75518798828125,1538794479.132164
0.0,1538794479.14221
0.877593994140625,1538794479.152175
1.75518798828125,1538794479.162203
0.229156494140625,1538794479.172181
0.286468505859375,1538794479.182176
0.40106201171875,1538794479.192185
0.229156494140625,1538794479.202188
0.229156494140625,1538794479.212163
1.75518798828125,1538794479.222186
0.229156494140625,1538794479.232196
0.0,1538794479.242165
1.75518798828125,1538794479.252156
1.75518798828125,1538794479.262188
0.877593994140625,1538794479.272161
-0.057281494140625,1538794479.282148
1.75518798828125,1538794479.292184
1.75518798828125,1538794479.302177
0.34375,1538794479.312166
0.171875,1538794479.322199
0.171875,1538794479.331183
0.286468505859375,1538794479.342163
1.75518798828125,1538794479.352195
0.171875,1538794479.362181
0.0,1538794479.372169
0.0,1538794479.382212
0.877593994140625,1538794479.392175
0.0,1538794479.402189
0.877593994140625,1538794479.41118
0.0,1538794479.422162
1.75518798828125,1538794479.432174
1.75518798828125,1538794479.442182
0.229156494140625,1538794479.451169
0.877593994140625,1538794479.462173
1.75518798828125,1538794479.472193
0.229156494140625,1538794479.482151
0.877593994140625,1538794479.492195
1.75518798828125,1538794479.502179
0.229156494140625,1538794479.512187
0.877593994140625,1538794479.522201
0.0,1538794479.532203
1.75518798828125,1538794479.542154
0.877593994140625,1538794479.552195
1.75518798828125,1538794479.562198
0.229156494140625,1538794479.572174
1.75518798828125,1538794479.582179
0.877593994140625,1538794479.592188
0.229156494140625,1538794479.602196
0.229156494140625,1538794479.612187
0.171875,1538794479.622196
0.877593994140625,1538794479.63218
0.877593994140625,1538794479.642209
0.0,1538794479.65216
0.0,1538794479.662182
1.75518798828125,1538794479.672222
1.75518798828125,1538794479.682151
0.171875,1538794479.692188
0.0,1538794479.702191
0.286468505859375,1538794479.712202
0.229156494140625,1538794479.72217
1.75518798828125,1538794479.732155
1.75518798828125,1538794479.742193
0.877593994140625,1538794479.752171
0.877593994140625,1538794479.762192
-0.11456298828125,1538794479.772192
1.75518798828125,1538794479.782219
0.877593994140625,1538794479.792158
1.75518798828125,1538794479.802174
0.171875,1538794479.812175
0.34375,1538794479.822177
0.229156494140625,1538794479.832204
0.229156494140625,1538794479.842193
1.75518798828125,1538794479.852142
1.75518798828125,1538794479.862177
1.75518798828125,1538794479.872172
0.877593994140625,1538794479.882186
1.75518798828125,1538794479.892172
0.877593994140625,1538794479.902191
1.75518798828125,1538794479.912179
0.877593994140625,1538794479.922173
0.0,1538794479.932195
1.75518798828125,1538794479.942195
0.229156494140625,1538794479.952175
0.229156494140625,1538794479.962205
0.877593994140625,1538794479.971214
0.286468505859375,1538794479.982197
0.171875,1538794479.99223
0.34375,1538794480.002191
0.34375,1538794480.012184
1.75518798828125,1538794480.022189
1.75518798828125,1538794480.032143
1.75518798828125,1538794480.042189
0.171875,1538794480.052243
1.75518798828125,1538794480.062154
1.75518798828125,1538794480.072174
0.229156494140625,1538794480.082188
0.877593994140625,1538794480.092153
1.75518798828125,1538794480.102219
0.0,1538794480.112196
0.877593994140625,1538794480.122192
0.0,1538794480.132191
-0.057281494140625,1538794480.142166
0.877593994140625,1538794480.152217
1.75518798828125,1538794480.162365
0.171875,1538794480.172193
0.286468505859375,1538794480.182176
0.229156494140625,1538794480.192183
0.34375,1538794480.202185
0.40106201171875,1538794480.212137
0.229156494140625,1538794480.222137
0.229156494140625,1538794480.231168
0.229156494140625,1538794480.242187
0.877593994140625,1538794480.252144
-0.171875,1538794480.262211
0.877593994140625,1538794480.272172
-0.057281494140625,1538794480.28224
-0.057281494140625,1538794480.292207
1.75518798828125,1538794480.302174
0.34375,1538794480.312207
0.171875,1538794480.322193
0.34375,1538794480.33217
0.171875,1538794480.342166
1.75518798828125,1538794480.352237
0.877593994140625,1538794480.362154
0.877593994140625,1538794480.372168
0.229156494140625,1538794480.381156
-0.057281494140625,1538794480.392169
0.0,1538794480.402182
0.229156494140625,1538794480.412164
0.877593994140625,1538794480.422185
1.75518798828125,1538794480.432141
0.171875,1538794480.442178
0.171875,1538794480.452139
0.877593994140625,1538794480.462138
0.229156494140625,1538794480.472185
0.171875,1538794480.482175
0.0,1538794480.492193
0.229156494140625,1538794480.502179
0.171875,1538794480.512142
0.171875,1538794480.522185
0.877593994140625,1538794480.532163
0.0,1538794480.542149
0.171875,1538794480.552214
0.877593994140625,1538794480.562168
0.229156494140625,1538794480.572135
0.40106201171875,1538794480.582161
0.171875,1538794480.592164
0.40106201171875,1538794480.602138
0.229156494140625,1538794480.612158
0.171875,1538794480.622187
0.877593994140625,1538794480.632176
0.877593994140625,1538794480.642159
-0.057281494140625,1538794480.652157
0.0,1538794480.662201
0.877593994140625,1538794480.672162
1.75518798828125,1538794480.682164
0.0,1538794480.692238
0.171875,1538794480.702193
0.877593994140625,1538794480.712253
0.0,1538794480.722414
0.229156494140625,1538794480.732172
0.34375,1538794480.742257
0.877593994140625,1538794480.752155
0.229156494140625,1538794480.76229
1.75518798828125,1538794480.772238
1.75518798828125,1538794480.782176
0.171875,1538794480.792233
0.0,1538794480.802185
0.877593994140625,1538794480.81231
0.0,1538794480.822209
0.877593994140625,1538794480.832174
0.877593994140625,1538794480.842242
0.229156494140625,1538794480.852221
1.75518798828125,1538794480.862361
0.229156494140625,1538794480.872229
1.75518798828125,1538794480.882208
0.229156494140625,1538794480.892187
0.229156494140625,1538794480.902188
1.75518798828125,1538794480.912321
0.171875,1538794480.922241
0.877593994140625,1538794480.932195
0.877593994140625,1538794480.942218
0.877593994140625,1538794480.952185
1.75518798828125,1538794480.96221
0.0,1538794480.972227
0.171875,1538794480.982228
0.171875,1538794480.992202
1.75518798828125,1538794481.002203
0.229156494140625,1538794481.012255
0.171875,1538794481.022171
0.0,1538794481.032256
0.229156494140625,1538794481.042234
0.0,1538794481.052178
0.0,1538794481.062227
0.171875,1538794481.072167
1.75518798828125,1538794481.081253
1.75518798828125,1538794481.092277
0.229156494140625,1538794481.101298
1.75518798828125,1538794481.112247
0.171875,1538794481.122233
0.286468505859375,1538794481.132225
0.229156494140625,1538794481.142229
0.171875,1538794481.152209
1.75518798828125,1538794481.162194
1.75518798828125,1538794481.172131
0.286468505859375,1538794481.182184
0.877593994140625,1538794481.192185
0.0,1538794481.202141
0.171875,1538794481.21216
0.877593994140625,1538794481.22218
0.877593994140625,1538794481.232133
0.0,1538794481.242172
0.0,1538794481.252134
0.877593994140625,1538794481.262175
0.171875,1538794481.27219
1.75518798828125,1538794481.282156
0.171875,1538794481.292164
1.75518798828125,1538794481.302175
0.171875,1538794481.312154
1.75518798828125,1538794481.322137
1.75518798828125,1538794481.332132
0.171875,1538794481.342164
1.75518798828125,1538794481.352171
0.171875,1538794481.362179
0.0,1538794481.372153
1.75518798828125,1538794481.382156
1.75518798828125,1538794481.392158
0.877593994140625,1538794481.402159
0.0,1538794481.412237
1.75518798828125,1538794481.422152
0.229156494140625,1538794481.432193
0.877593994140625,1538794481.442186
0.877593994140625,1538794481.451151
0.0,1538794481.462166
-0.11456298828125,1538794481.472121
0.171875,1538794481.482178
0.229156494140625,1538794481.492178
0.229156494140625,1538794481.502125
1.75518798828125,1538794481.512194
0.171875,1538794481.522159
1.75518798828125,1538794481.532135
0.229156494140625,1538794481.542172
0.171875,1538794481.552181
1.75518798828125,1538794481.562162
0.0,1538794481.572139
0.877593994140625,1538794481.582135
0.877593994140625,1538794481.592151
0.877593994140625,1538794481.60114
1.75518798828125,1538794481.61215
0.171875,1538794481.62218
1.75518798828125,1538794481.632133
0.286468505859375,1538794481.642141
0.171875,1538794481.652166
0.171875,1538794481.662169
0.286468505859375,1538794481.672165
0.171875,1538794481.682151
0.171875,1538794481.69216
0.171875,1538794481.70218
0.0,1538794481.712179
0.877593994140625,1538794481.722171
1.75518798828125,1538794481.732154
0.877593994140625,1538794481.74217
0.877593994140625,1538794481.752155
0.229156494140625,1538794481.762154
0.171875,1538794481.772129
0.877593994140625,1538794481.782172
0.229156494140625,1538794481.79215
0.286468505859375,1538794481.802151
0.877593994140625,1538794481.811135
0.229156494140625,1538794481.822139
1.75518798828125,1538794481.832119
0.877593994140625,1538794481.842199
0.0,1538794481.852171
0.877593994140625,1538794481.862203
0.0,1538794481.872171
0.34375,1538794481.882182
0.171875,1538794481.892189
0.229156494140625,1538794481.902162
0.877593994140625,1538794481.912188
0.229156494140625,1538794481.922193
0.229156494140625,1538794481.93218
0.877593994140625,1538794481.942189
0.171875,1538794481.952197
0.0,1538794481.962226
-0.171875,1538794481.972185
0.0,1538794481.982194
0.877593994140625,1538794481.992219
0.877593994140625,1538794482.002246
1.75518798828125,1538794482.012247
0.286468505859375,1538794482.022238
0.286468505859375,1538794482.032252
0.229156494140625,1538794482.04222
0.229156494140625,1538794482.052203
1.75518798828125,1538794482.062275
1.75518798828125,1538794482.072282
0.877593994140625,1538794482.082275
1.75518798828125,1538794482.092175
1.75518798828125,1538794482.102123
0.171875,1538794482.112156
0.877593994140625,1538794482.122144
1.75518798828125,1538794482.132123
1.75518798828125,1538794482.142162
0.877593994140625,1538794482.152168
1.75518798828125,1538794482.16214
1.75518798828125,1538794482.172162
0.877593994140625,1538794482.182179
1.75518798828125,1538794482.192119
0.0,1538794482.202159
0.171875,1538794482.212172
0.171875,1538794482.222119
1.75518798828125,1538794482.232115
0.229156494140625,1538794482.242158
0.229156494140625,1538794482.252158
0.34375,1538794482.262191
0.229156494140625,1538794482.272144
0.0,1538794482.282158
0.171875,1538794482.292203
0.0,1538794482.30213
0.229156494140625,1538794482.312163
0.171875,1538794482.322164
0.877593994140625,1538794482.332144
0.877593994140625,1538794482.342203
0.171875,1538794482.352142
0.229156494140625,1538794482.361146
0.0,1538794482.372202
0.171875,1538794482.382171
0.0,1538794482.392139
1.75518798828125,1538794482.402134
1.75518798828125,1538794482.412171
0.877593994140625,1538794482.422171
0.0,1538794482.432156
0.171875,1538794482.442167
1.75518798828125,1538794482.452158
0.171875,1538794482.462157
0.171875,1538794482.471173
0.171875,1538794482.482158
1.75518798828125,1538794482.492113
0.0,1538794482.502166
1.75518798828125,1538794482.512152
0.877593994140625,1538794482.522159
0.877593994140625,1538794482.532207
1.75518798828125,1538794482.542138
1.75518798828125,1538794482.552184
0.877593994140625,1538794482.562195
1.75518798828125,1538794482.572125
1.75518798828125,1538794482.582154
0.286468505859375,1538794482.592204
1.75518798828125,1538794482.602223
0.171875,1538794482.612126
1.75518798828125,1538794482.62214
1.75518798828125,1538794482.632153
0.877593994140625,1538794482.642115
0.171875,1538794482.652205
0.0,1538794482.662138
0.877593994140625,1538794482.672109
1.75518798828125,1538794482.682155
0.0,1538794482.692133
0.0,1538794482.702122
0.877593994140625,1538794482.712177
0.171875,1538794482.722159
1.75518798828125,1538794482.732102
0.171875,1538794482.742151
0.286468505859375,1538794482.75216
1.75518798828125,1538794482.76216
0.286468505859375,1538794482.772189
0.229156494140625,1538794482.781159
0.286468505859375,1538794482.791243
1.75518798828125,1538794482.802178
0.0,1538794482.812204
1.75518798828125,1538794482.822186
0.877593994140625,1538794482.831165
0.877593994140625,1538794482.842175
0.171875,1538794482.852117
0.171875,1538794482.862158
0.229156494140625,1538794482.872173
1.75518798828125,1538794482.882102
0.229156494140625,1538794482.892122
0.229156494140625,1538794482.902104
1.75518798828125,1538794482.911174
1.75518798828125,1538794482.922156
0.171875,1538794482.932188
0.229156494140625,1538794482.942119
1.75518798828125,1538794482.952229
0.171875,1538794482.96218
1.75518798828125,1538794482.972116
0.0,1538794482.982167
0.229156494140625,1538794482.992126
1.75518798828125,1538794483.002129
0.171875,1538794483.012168
0.877593994140625,1538794483.022113
0.171875,1538794483.032106
0.171875,1538794483.042151
0.0,1538794483.05214
0.286468505859375,1538794483.06213
1.75518798828125,1538794483.072134
0.877593994140625,1538794483.082129
0.0,1538794483.092186
0.0,1538794483.102174
0.877593994140625,1538794483.112112
1.75518798828125,1538794483.12211
0.171875,1538794483.132144
0.286468505859375,1538794483.142125
0.171875,1538794483.152142
0.877593994140625,1538794483.162158
0.229156494140625,1538794483.172122
0.877593994140625,1538794483.182122
1.75518798828125,1538794483.192171
0.171875,1538794483.202109
0.877593994140625,1538794483.212123
0.171875,1538794483.222169
0.171875,1538794483.231123
0.877593994140625,1538794483.242147
0.877593994140625,1538794483.252129
1.75518798828125,1538794483.262174
0.877593994140625,1538794483.272156
0.877593994140625,1538794483.281119
0.171875,1538794483.292132
0.171875,1538794483.302155
0.229156494140625,1538794483.312116
0.286468505859375,1538794483.322099
1.75518798828125,1538794483.332131
0.877593994140625,1538794483.34212
0.171875,1538794483.352146
0.286468505859375,1538794483.362109
1.75518798828125,1538794483.37213
1.75518798828125,1538794483.382153
0.229156494140625,1538794483.392124
1.75518798828125,1538794483.402126
0.229156494140625,1538794483.412133
0.229156494140625,1538794483.422091
0.229156494140625,1538794483.432119
0.171875,1538794483.442124
1.75518798828125,1538794483.452102
0.229156494140625,1538794483.462168
1.75518798828125,1538794483.472142
1.75518798828125,1538794483.482128
0.877593994140625,1538794483.491109
0.0,1538794483.502152
1.75518798828125,1538794483.51212
0.229156494140625,1538794483.522097
1.75518798828125,1538794483.532136
0.229156494140625,1538794483.542116
0.877593994140625,1538794483.552167
0.877593994140625,1538794483.562185
0.877593994140625,1538794483.57222
0.171875,1538794483.582179
0.877593994140625,1538794483.592192
0.171875,1538794483.602152
0.877593994140625,1538794483.612162
0.0,1538794483.622171
0.877593994140625,1538794483.632135
1.75518798828125,1538794483.64218
1.75518798828125,1538794483.652182
0.229156494140625,1538794483.66209
0.877593994140625,1538794483.672123
1.75518798828125,1538794483.68212
0.229156494140625,1538794483.692116
0.171875,1538794483.702149
0.229156494140625,1538794483.712119
0.0,1538794483.722109
0.877593994140625,1538794483.732178
0.877593994140625,1538794483.742117
1.75518798828125,1538794483.752164
-0.057281494140625,1538794483.762128
0.877593994140625,1538794483.772121
0.229156494140625,1538794483.78213
1.75518798828125,1538794483.792137
0.171875,1538794483.802146
0.286468505859375,1538794483.811141
0.229156494140625,1538794483.822122
1.75518798828125,1538794483.832109
0.286468505859375,1538794483.842123
0.877593994140625,1538794483.852092
0.171875,1538794483.862128
1.75518798828125,1538794483.872101
1.75518798828125,1538794483.882112
0.877593994140625,1538794483.892111
1.75518798828125,1538794483.902118
0.229156494140625,1538794483.912118
1.75518798828125,1538794483.922104
0.0,1538794483.932136
1.75518798828125,1538794483.942116
1.75518798828125,1538794483.952147
0.877593994140625,1538794483.962113
1.75518798828125,1538794483.972128
1.75518798828125,1538794483.98211
1.75518798828125,1538794483.992115
1.75518798828125,1538794484.002124
0.171875,1538794484.012117
0.877593994140625,1538794484.022123
0.877593994140625,1538794484.032123
-0.057281494140625,1538794484.042103
1.75518798828125,1538794484.052083
1.75518798828125,1538794484.06213
0.0,1538794484.0721
1.75518798828125,1538794484.082122
1.75518798828125,1538794484.092122
0.877593994140625,1538794484.102104
1.75518798828125,1538794484.112122
1.75518798828125,1538794484.12212
1.75518798828125,1538794484.132082
1.75518798828125,1538794484.142086
0.877593994140625,1538794484.152106
0.877593994140625,1538794484.162107
0.229156494140625,1538794484.172083
0.877593994140625,1538794484.182125
0.0,1538794484.192132
0.171875,1538794484.202109
0.0,1538794484.21209
0.0,1538794484.222136
-0.057281494140625,1538794484.232097
0.877593994140625,1538794484.24211
0.171875,1538794484.252112
0.229156494140625,1538794484.262073
0.877593994140625,1538794484.272129
0.171875,1538794484.282128
0.171875,1538794484.292082
0.229156494140625,1538794484.302099
0.34375,1538794484.312108
1.75518798828125,1538794484.32208
1.75518798828125,1538794484.332117
1.75518798828125,1538794484.342103
0.877593994140625,1538794484.352087
0.877593994140625,1538794484.362113
0.0,1538794484.372088
0.229156494140625,1538794484.382076
0.877593994140625,1538794484.392076
1.75518798828125,1538794484.40212
0.877593994140625,1538794484.412105
1.75518798828125,1538794484.422118
0.171875,1538794484.432105
0.229156494140625,1538794484.442106
0.229156494140625,1538794484.452098
0.229156494140625,1538794484.462096
1.75518798828125,1538794484.472079
0.229156494140625,1538794484.482135
0.34375,1538794484.492084
0.877593994140625,1538794484.502165
0.0,1538794484.512104
0.0,1538794484.522078
1.75518798828125,1538794484.532077
0.877593994140625,1538794484.542111
1.75518798828125,1538794484.552094
0.171875,1538794484.562085
0.171875,1538794484.572099
0.229156494140625,1538794484.582094
0.171875,1538794484.592081
0.229156494140625,1538794484.602094
0.229156494140625,1538794484.612089
0.0,1538794484.622123
1.75518798828125,1538794484.632112
1.75518798828125,1538794484.642091
0.877593994140625,1538794484.652098
0.0,1538794484.662109
1.75518798828125,1538794484.672124
0.286468505859375,1538794484.682072
0.877593994140625,1538794484.692098
1.75518798828125,1538794484.70209
0.171875,1538794484.712079
0.229156494140625,1538794484.722107
0.171875,1538794484.732081
1.75518798828125,1538794484.742072
0.877593994140625,1538794484.751091
0.171875,1538794484.762103
0.229156494140625,1538794484.77209
1.75518798828125,1538794484.782111
0.0,1538794484.792111
1.75518798828125,1538794484.802082
0.877593994140625,1538794484.811088
0.877593994140625,1538794484.822101
0.229156494140625,1538794484.832084
0.171875,1538794484.842129
1.75518798828125,1538794484.852092
0.229156494140625,1538794484.862069
1.75518798828125,1538794484.872137
0.171875,1538794484.88213
1.75518798828125,1538794484.892094
0.877593994140625,1538794484.901123
0.0,1538794484.912116
-0.057281494140625,1538794484.922098
0.877593994140625,1538794484.932162
-0.057281494140625,1538794484.942121
-0.057281494140625,1538794484.9521
0.171875,1538794484.962127
0.286468505859375,1538794484.972075
0.286468505859375,1538794484.982094
0.40106201171875,1538794484.992117
0.171875,1538794485.001096
0.171875,1538794485.012143
1.75518798828125,1538794485.022094
0.0,1538794485.032106
0.171875,1538794485.042084
0.877593994140625,1538794485.052105
0.877593994140625,1538794485.062129
0.0,1538794485.072084
1.75518798828125,1538794485.082141
1.75518798828125,1538794485.092169
1.75518798828125,1538794485.102119
0.34375,1538794485.112136
0.877593994140625,1538794485.12207
1.75518798828125,1538794485.13208
0.229156494140625,1538794485.142129
0.0,1538794485.152102
0.877593994140625,1538794485.16209
0.877593994140625,1538794485.172139
1.75518798828125,1538794485.182099
0.0,1538794485.192103
-0.057281494140625,1538794485.202103
0.171875,1538794485.212098
0.877593994140625,1538794485.222094
0.229156494140625,1538794485.232084
0.229156494140625,1538794485.241087
0.229156494140625,1538794485.252128
0.171875,1538794485.262098
0.877593994140625,1538794485.272113
0.171875,1538794485.28208
1.75518798828125,1538794485.292072
0.0,1538794485.302114
0.0,1538794485.312109
0.0,1538794485.322116
1.75518798828125,1538794485.332115
0.171875,1538794485.342098
0.40106201171875,1538794485.352113
0.171875,1538794485.362114
0.286468505859375,1538794485.372125
0.229156494140625,1538794485.382131
0.286468505859375,1538794485.392097
1.75518798828125,1538794485.402122
0.0,1538794485.412101
0.0,1538794485.422148
1.75518798828125,1538794485.432063
0.877593994140625,1538794485.442097
0.877593994140625,1538794485.452088
0.0,1538794485.462116
0.286468505859375,1538794485.472078
0.229156494140625,1538794485.48214
1.75518798828125,1538794485.492073
0.0,1538794485.502127
0.229156494140625,1538794485.51109
0.171875,1538794485.522078
0.171875,1538794485.532131
0.286468505859375,1538794485.542125
0.877593994140625,1538794485.55214
0.171875,1538794485.56215
0.229156494140625,1538794485.572159
0.171875,1538794485.58207
0.229156494140625,1538794485.592132
0.171875,1538794485.602119
-0.057281494140625,1538794485.612071
0.0,1538794485.622141
1.75518798828125,1538794485.632105
0.877593994140625,1538794485.642114
0.0,1538794485.652128
0.171875,1538794485.662105
-0.057281494140625,1538794485.672076
1.75518798828125,1538794485.682096
0.171875,1538794485.692092
1.75518798828125,1538794485.702096
1.75518798828125,1538794485.7121
1.75518798828125,1538794485.722091
0.229156494140625,1538794485.732077
0.171875,1538794485.742096
0.171875,1538794485.752086
0.171875,1538794485.76206
0.229156494140625,1538794485.772105
1.75518798828125,1538794485.782081
0.171875,1538794485.792089
1.75518798828125,1538794485.802103
0.0,1538794485.812116
1.75518798828125,1538794485.822098
1.75518798828125,1538794485.832115
1.75518798828125,1538794485.842082
0.171875,1538794485.85206
0.877593994140625,1538794485.862093
0.229156494140625,1538794485.872082
0.286468505859375,1538794485.881122
1.75518798828125,1538794485.892108
1.75518798828125,1538794485.902086
1.75518798828125,1538794485.91205
1.75518798828125,1538794485.922086
1.75518798828125,1538794485.932094
0.877593994140625,1538794485.942097
0.286468505859375,1538794485.952073
0.286468505859375,1538794485.962095
0.877593994140625,1538794485.972079
1.75518798828125,1538794485.982053
1.75518798828125,1538794485.992095
0.877593994140625,1538794486.00206
0.171875,1538794486.012105
0.0,1538794486.0221
1.75518798828125,1538794486.032079
1.75518798828125,1538794486.042091
0.171875,1538794486.052121
0.877593994140625,1538794486.062057
0.171875,1538794486.072114
0.229156494140625,1538794486.082096
1.75518798828125,1538794486.092098
0.877593994140625,1538794486.101095
0.171875,1538794486.112085
0.0,1538794486.122089
0.877593994140625,1538794486.132102
